{
  "total": [
    1626,
    242.4538745387454
  ],
  "不限": [
    134,
    217.98507462686567
  ],
  "大专": [
    100,
    180.0
  ],
  "本科": [
    1128,
    248.75886524822695
  ],
  "硕士": [
    264,
    251.5909090909091
  ]
}